date,retail_and_recreation,grocery_and_pharmacy,parks,transit_stations,workplaces,residential,StringencyIndexForDisplay,newCasesBySpecimenDate,newDeaths28DaysByDeathDate
2020-02-15,-11.0,-8.0,-34.0,-10.0,-3.0,2.0,11.11,0.0,
2020-02-16,-9.0,-11.0,-41.0,-9.0,-4.0,1.0,11.11,0.0,
2020-02-17,11.0,4.0,28.0,-3.0,-13.0,2.0,11.11,1.0,
2020-02-18,4.0,-2.0,11.0,-4.0,-13.0,2.0,11.11,0.0,
2020-02-19,3.0,-3.0,3.0,-5.0,-13.0,3.0,11.11,0.0,
2020-02-20,2.0,-4.0,-4.0,-6.0,-13.0,3.0,11.11,0.0,
2020-02-21,3.0,-1.0,10.0,-5.0,-14.0,3.0,11.11,1.0,
2020-02-22,-4.0,-3.0,-7.0,-2.0,-1.0,0.0,11.11,0.0,
2020-02-23,-1.0,-3.0,-9.0,1.0,-1.0,0.0,11.11,3.0,
2020-02-24,-3.0,0.0,-1.0,-3.0,-1.0,1.0,11.11,1.0,
2020-02-25,-1.0,2.0,5.0,0.0,1.0,0.0,11.11,1.0,
2020-02-26,-2.0,0.0,11.0,-2.0,1.0,0.0,11.11,0.0,
2020-02-27,0.0,-1.0,4.0,-1.0,0.0,1.0,11.11,1.0,
2020-02-28,-2.0,-1.0,-9.0,-2.0,0.0,1.0,11.11,0.0,
2020-02-29,-2.0,0.0,-21.0,-5.0,0.0,1.0,11.11,1.0,
2020-03-01,9.0,4.0,24.0,5.0,1.0,-1.0,11.11,3.0,
2020-03-02,2.0,6.0,15.0,-3.0,1.0,0.0,11.11,12.0,
2020-03-03,-1.0,2.0,3.0,-4.0,1.0,0.0,11.11,6.0,
2020-03-04,-3.0,1.0,-7.0,-4.0,0.0,1.0,11.11,15.0,
2020-03-05,-9.0,-5.0,-21.0,-6.0,-1.0,2.0,11.11,13.0,
2020-03-06,1.0,8.0,14.0,-3.0,0.0,1.0,11.11,23.0,
2020-03-07,-2.0,3.0,-6.0,-4.0,1.0,0.0,11.11,14.0,
2020-03-08,-1.0,3.0,-2.0,-4.0,0.0,0.0,11.11,22.0,
2020-03-09,-3.0,6.0,3.0,-6.0,-1.0,1.0,11.11,54.0,2.0
2020-03-10,-6.0,7.0,-3.0,-7.0,-2.0,2.0,11.11,95.0,1.0
2020-03-11,-6.0,8.0,9.0,-10.0,-3.0,2.0,11.11,183.0,3.0
2020-03-12,-8.0,14.0,-3.0,-13.0,-5.0,3.0,11.11,167.0,6.0
2020-03-13,-13.0,15.0,-4.0,-18.0,-9.0,5.0,11.11,138.0,6.0
2020-03-14,-20.0,9.0,-17.0,-22.0,-4.0,4.0,11.11,149.0,11.0
2020-03-15,-24.0,6.0,-21.0,-24.0,-7.0,4.0,11.11,165.0,8.0
2020-03-16,-14.0,23.0,26.0,-25.0,-18.0,7.0,14.81,237.0,15.0
2020-03-17,-28.0,19.0,-8.0,-37.0,-29.0,12.0,20.37,310.0,24.0
2020-03-18,-33.0,28.0,-7.0,-43.0,-36.0,16.0,20.37,357.0,26.0
2020-03-19,-36.0,30.0,-28.0,-47.0,-41.0,18.0,20.37,332.0,25.0
2020-03-20,-46.0,8.0,-22.0,-51.0,-44.0,20.0,25.93,424.0,46.0
2020-03-21,-62.0,-8.0,-23.0,-58.0,-34.0,15.0,38.89,348.0,46.0
2020-03-22,-67.0,-20.0,-6.0,-61.0,-40.0,13.0,44.44,439.0,53.0
2020-03-23,-59.0,-13.0,-5.0,-63.0,-60.0,25.0,79.63,685.0,56.0
2020-03-24,-76.0,-25.0,-19.0,-72.0,-70.0,31.0,79.63,636.0,87.0
2020-03-25,-79.0,-28.0,-17.0,-76.0,-73.0,33.0,79.63,752.0,119.0
2020-03-26,-80.0,-32.0,-20.0,-77.0,-75.0,34.0,79.63,740.0,123.0
2020-03-27,-81.0,-32.0,-30.0,-77.0,-75.0,35.0,79.63,818.0,127.0
2020-03-28,-85.0,-41.0,-57.0,-78.0,-63.0,23.0,79.63,577.0,119.0
2020-03-29,-87.0,-48.0,-59.0,-80.0,-62.0,19.0,79.63,596.0,143.0
2020-03-30,-79.0,-36.0,-41.0,-79.0,-77.0,33.0,79.63,848.0,148.0
2020-03-31,-79.0,-35.0,-30.0,-79.0,-78.0,34.0,79.63,935.0,181.0
2020-04-01,-81.0,-36.0,-32.0,-80.0,-78.0,35.0,79.63,977.0,189.0
2020-04-02,-81.0,-36.0,-28.0,-80.0,-78.0,36.0,79.63,1063.0,194.0
2020-04-03,-81.0,-34.0,-27.0,-79.0,-77.0,36.0,79.63,984.0,192.0
2020-04-04,-84.0,-38.0,-30.0,-77.0,-63.0,23.0,79.63,765.0,225.0
2020-04-05,-84.0,-41.0,-15.0,-76.0,-61.0,18.0,79.63,636.0,196.0
2020-04-06,-78.0,-35.0,-24.0,-79.0,-77.0,33.0,79.63,858.0,197.0
2020-04-07,-79.0,-33.0,-9.0,-78.0,-78.0,34.0,79.63,946.0,221.0
2020-04-08,-80.0,-33.0,-19.0,-79.0,-78.0,34.0,79.63,867.0,232.0
2020-04-09,-78.0,-26.0,-10.0,-78.0,-78.0,34.0,79.63,791.0,200.0
2020-04-10,-83.0,-35.0,-13.0,-82.0,-85.0,38.0,79.63,622.0,174.0
2020-04-11,-84.0,-36.0,-34.0,-77.0,-64.0,23.0,79.63,518.0,164.0
2020-04-12,-89.0,-60.0,-25.0,-78.0,-64.0,19.0,79.63,502.0,170.0
2020-04-13,-83.0,-43.0,-20.0,-85.0,-87.0,37.0,79.63,601.0,170.0
2020-04-14,-78.0,-32.0,-16.0,-78.0,-77.0,33.0,79.63,600.0,143.0
2020-04-15,-79.0,-32.0,-6.0,-78.0,-77.0,34.0,79.63,657.0,147.0
2020-04-16,-79.0,-32.0,-15.0,-79.0,-76.0,34.0,79.63,574.0,138.0
2020-04-17,-81.0,-34.0,-43.0,-79.0,-75.0,36.0,79.63,577.0,110.0
2020-04-18,-84.0,-38.0,-47.0,-77.0,-59.0,23.0,79.63,401.0,118.0
2020-04-19,-83.0,-42.0,-6.0,-75.0,-56.0,17.0,79.63,398.0,116.0
2020-04-20,-77.0,-34.0,1.0,-77.0,-75.0,32.0,79.63,425.0,97.0
2020-04-21,-78.0,-33.0,-3.0,-77.0,-75.0,33.0,79.63,463.0,105.0
2020-04-22,-79.0,-32.0,3.0,-77.0,-74.0,33.0,79.63,399.0,110.0
2020-04-23,-78.0,-30.0,8.0,-77.0,-74.0,33.0,79.63,520.0,80.0
2020-04-24,-79.0,-30.0,-5.0,-75.0,-73.0,34.0,79.63,375.0,75.0
2020-04-25,-82.0,-35.0,-25.0,-74.0,-57.0,21.0,79.63,332.0,58.0
2020-04-26,-81.0,-38.0,5.0,-72.0,-54.0,16.0,79.63,310.0,62.0
2020-04-27,-76.0,-32.0,-2.0,-76.0,-73.0,31.0,79.63,418.0,55.0
2020-04-28,-82.0,-42.0,-62.0,-80.0,-75.0,32.0,79.63,311.0,58.0
2020-04-29,-79.0,-33.0,-35.0,-77.0,-73.0,33.0,79.63,432.0,52.0
2020-04-30,-81.0,-35.0,-43.0,-78.0,-74.0,34.0,79.63,426.0,45.0
2020-05-01,-80.0,-30.0,-32.0,-75.0,-72.0,34.0,79.63,355.0,42.0
2020-05-02,-81.0,-31.0,-17.0,-71.0,-54.0,20.0,79.63,248.0,52.0
2020-05-03,-82.0,-40.0,-23.0,-74.0,-53.0,17.0,79.63,170.0,43.0
2020-05-04,-75.0,-29.0,11.0,-74.0,-72.0,30.0,79.63,245.0,37.0
2020-05-05,-77.0,-29.0,0.0,-75.0,-72.0,31.0,79.63,216.0,34.0
2020-05-06,-77.0,-27.0,16.0,-74.0,-71.0,31.0,79.63,267.0,43.0
2020-05-07,-75.0,-22.0,21.0,-73.0,-71.0,31.0,79.63,273.0,28.0
2020-05-08,-79.0,-27.0,32.0,-76.0,-81.0,35.0,79.63,208.0,30.0
2020-05-09,-80.0,-30.0,5.0,-70.0,-53.0,19.0,79.63,128.0,25.0
2020-05-10,-83.0,-41.0,-36.0,-75.0,-51.0,17.0,79.63,123.0,27.0
2020-05-11,-75.0,-28.0,-17.0,-74.0,-71.0,30.0,79.63,160.0,23.0
2020-05-12,-75.0,-27.0,6.0,-73.0,-70.0,30.0,79.63,191.0,15.0
2020-05-13,-77.0,-29.0,-12.0,-74.0,-70.0,31.0,61.11,203.0,12.0
2020-05-14,-75.0,-26.0,8.0,-74.0,-70.0,30.0,61.11,159.0,17.0
2020-05-15,-75.0,-24.0,21.0,-71.0,-68.0,30.0,61.11,132.0,18.0
2020-05-16,-78.0,-28.0,-2.0,-68.0,-49.0,18.0,61.11,74.0,10.0
2020-05-17,-77.0,-31.0,40.0,-67.0,-46.0,14.0,61.11,79.0,14.0
2020-05-18,-70.0,-22.0,60.0,-70.0,-68.0,28.0,61.11,113.0,13.0
2020-05-19,-71.0,-21.0,64.0,-69.0,-68.0,28.0,61.11,128.0,20.0
2020-05-20,-72.0,-19.0,75.0,-69.0,-68.0,28.0,61.11,141.0,16.0
2020-05-21,-72.0,-19.0,54.0,-70.0,-68.0,29.0,61.11,157.0,12.0
2020-05-22,-73.0,-19.0,25.0,-69.0,-66.0,29.0,61.11,86.0,8.0
2020-05-23,-76.0,-24.0,-10.0,-67.0,-45.0,18.0,61.11,64.0,6.0
2020-05-24,-74.0,-28.0,47.0,-63.0,-43.0,12.0,61.11,51.0,6.0
2020-05-25,-70.0,-23.0,160.0,-72.0,-82.0,28.0,61.11,58.0,9.0
2020-05-26,-70.0,-19.0,57.0,-68.0,-67.0,27.0,61.11,64.0,11.0
2020-05-27,-71.0,-20.0,54.0,-69.0,-66.0,27.0,61.11,83.0,8.0
2020-05-28,-70.0,-18.0,66.0,-68.0,-66.0,28.0,61.11,74.0,9.0
2020-05-29,-71.0,-16.0,61.0,-66.0,-64.0,27.0,61.11,57.0,5.0
2020-05-30,-74.0,-20.0,48.0,-61.0,-35.0,14.0,61.11,38.0,7.0
2020-05-31,-73.0,-25.0,68.0,-61.0,-33.0,11.0,61.11,37.0,5.0
2020-06-01,-65.0,-16.0,75.0,-65.0,-63.0,25.0,57.41,50.0,5.0
2020-06-02,-68.0,-18.0,70.0,-66.0,-63.0,25.0,57.41,50.0,7.0
2020-06-03,-71.0,-23.0,1.0,-68.0,-63.0,27.0,57.41,78.0,6.0
2020-06-04,-70.0,-21.0,7.0,-68.0,-63.0,28.0,57.41,57.0,6.0
2020-06-05,-71.0,-20.0,-3.0,-67.0,-62.0,28.0,57.41,46.0,2.0
2020-06-06,-75.0,-27.0,-36.0,-65.0,-38.0,17.0,57.41,46.0,3.0
2020-06-07,-72.0,-27.0,11.0,-62.0,-35.0,12.0,57.41,45.0,5.0
2020-06-08,-65.0,-19.0,33.0,-66.0,-61.0,25.0,62.96,55.0,8.0
2020-06-09,-67.0,-20.0,48.0,-66.0,-61.0,25.0,62.96,71.0,2.0
2020-06-10,-71.0,-25.0,-21.0,-69.0,-62.0,28.0,62.96,52.0,5.0
2020-06-11,-68.0,-21.0,7.0,-68.0,-62.0,27.0,62.96,46.0,5.0
2020-06-12,-69.0,-19.0,1.0,-66.0,-60.0,27.0,62.96,53.0,5.0
2020-06-13,-69.0,-18.0,54.0,-58.0,-28.0,12.0,62.96,39.0,1.0
2020-06-14,-68.0,-23.0,71.0,-58.0,-27.0,10.0,62.96,30.0,2.0
2020-06-15,-55.0,-16.0,58.0,-62.0,-59.0,23.0,59.26,40.0,3.0
2020-06-16,-59.0,-16.0,53.0,-63.0,-60.0,24.0,59.26,47.0,1.0
2020-06-17,-63.0,-20.0,17.0,-65.0,-60.0,25.0,59.26,42.0,1.0
2020-06-18,-63.0,-19.0,10.0,-66.0,-61.0,26.0,59.26,47.0,0.0
2020-06-19,-62.0,-14.0,19.0,-62.0,-58.0,24.0,59.26,38.0,2.0
2020-06-20,-63.0,-15.0,43.0,-54.0,-25.0,11.0,59.26,29.0,2.0
2020-06-21,-63.0,-22.0,39.0,-57.0,-23.0,9.0,59.26,26.0,2.0
2020-06-22,-54.0,-13.0,97.0,-60.0,-60.0,22.0,59.26,53.0,3.0
2020-06-23,-58.0,-13.0,90.0,-60.0,-60.0,22.0,59.26,50.0,0.0
2020-06-24,-60.0,-12.0,89.0,-61.0,-58.0,22.0,59.26,46.0,4.0
2020-06-25,-60.0,-11.0,88.0,-61.0,-59.0,22.0,59.26,58.0,1.0
2020-06-26,-61.0,-11.0,57.0,-59.0,-57.0,22.0,59.26,48.0,0.0
2020-06-27,-65.0,-18.0,-8.0,-57.0,-29.0,12.0,59.26,32.0,0.0
2020-06-28,-62.0,-23.0,26.0,-55.0,-22.0,9.0,59.26,22.0,1.0
2020-06-29,-55.0,-15.0,34.0,-61.0,-58.0,22.0,59.26,59.0,1.0
2020-06-30,-58.0,-18.0,12.0,-63.0,-58.0,23.0,62.5,52.0,1.0
2020-07-01,-58.0,-17.0,24.0,-62.0,-57.0,23.0,62.5,43.0,1.0
2020-07-02,-58.0,-17.0,16.0,-62.0,-58.0,23.0,64.35,43.0,2.0
2020-07-03,-58.0,-13.0,35.0,-58.0,-56.0,22.0,64.35,38.0,1.0
2020-07-04,-57.0,-19.0,0.0,-52.0,-23.0,10.0,64.35,32.0,1.0
2020-07-05,-52.0,-20.0,59.0,-50.0,-20.0,7.0,64.35,52.0,3.0
2020-07-06,-48.0,-15.0,53.0,-58.0,-57.0,20.0,64.35,55.0,3.0
2020-07-07,-52.0,-18.0,32.0,-59.0,-58.0,21.0,64.35,60.0,1.0
2020-07-08,-55.0,-20.0,-5.0,-61.0,-57.0,22.0,64.35,59.0,3.0
2020-07-09,-54.0,-18.0,5.0,-60.0,-57.0,22.0,64.35,54.0,2.0
2020-07-10,-52.0,-14.0,36.0,-56.0,-55.0,19.0,64.35,39.0,0.0
2020-07-11,-54.0,-18.0,36.0,-48.0,-20.0,7.0,64.35,20.0,3.0
2020-07-12,-51.0,-20.0,72.0,-47.0,-17.0,5.0,64.35,38.0,1.0
2020-07-13,-47.0,-15.0,65.0,-57.0,-56.0,19.0,64.35,85.0,1.0
2020-07-14,-49.0,-17.0,40.0,-58.0,-57.0,20.0,64.35,63.0,0.0
2020-07-15,-48.0,-19.0,28.0,-60.0,-55.0,20.0,62.5,76.0,1.0
2020-07-16,-46.0,-16.0,48.0,-59.0,-55.0,20.0,62.5,70.0,0.0
2020-07-17,-46.0,-14.0,71.0,-54.0,-53.0,17.0,62.5,48.0,2.0
2020-07-18,-50.0,-19.0,45.0,-48.0,-19.0,6.0,62.5,48.0,0.0
2020-07-19,-49.0,-25.0,13.0,-51.0,-18.0,6.0,62.5,42.0,0.0
2020-07-20,-40.0,-14.0,89.0,-57.0,-57.0,18.0,62.5,102.0,0.0
2020-07-21,-44.0,-17.0,67.0,-58.0,-58.0,18.0,62.5,81.0,0.0
2020-07-22,-45.0,-18.0,66.0,-58.0,-56.0,19.0,62.5,85.0,0.0
2020-07-23,-45.0,-17.0,56.0,-58.0,-56.0,19.0,62.5,70.0,2.0
2020-07-24,-47.0,-18.0,45.0,-55.0,-55.0,18.0,62.5,84.0,0.0
2020-07-25,-52.0,-25.0,-27.0,-52.0,-21.0,8.0,62.5,57.0,0.0
2020-07-26,-46.0,-24.0,25.0,-48.0,-15.0,5.0,62.5,64.0,0.0
2020-07-27,-44.0,-19.0,11.0,-59.0,-59.0,19.0,62.5,101.0,2.0
2020-07-28,-43.0,-17.0,49.0,-57.0,-58.0,18.0,62.5,100.0,0.0
2020-07-29,-42.0,-16.0,65.0,-56.0,-57.0,18.0,62.5,103.0,0.0
2020-07-30,-41.0,-13.0,75.0,-56.0,-58.0,17.0,62.5,104.0,0.0
2020-07-31,-46.0,-18.0,55.0,-54.0,-57.0,15.0,62.5,77.0,2.0
2020-08-01,-49.0,-21.0,26.0,-46.0,-19.0,4.0,66.2,59.0,2.0
2020-08-02,-44.0,-23.0,49.0,-45.0,-15.0,3.0,66.2,76.0,1.0
2020-08-03,-35.0,-17.0,61.0,-56.0,-58.0,16.0,66.2,89.0,0.0
2020-08-04,-36.0,-19.0,54.0,-56.0,-58.0,17.0,66.2,106.0,0.0
2020-08-05,-36.0,-20.0,55.0,-56.0,-57.0,17.0,66.2,119.0,0.0
2020-08-06,-42.0,-17.0,57.0,-57.0,-58.0,17.0,66.2,108.0,0.0
2020-08-07,-46.0,-18.0,44.0,-55.0,-56.0,16.0,66.2,126.0,0.0
2020-08-08,-49.0,-22.0,23.0,-48.0,-20.0,4.0,66.2,56.0,1.0
2020-08-09,-45.0,-23.0,45.0,-46.0,-15.0,2.0,66.2,69.0,0.0
2020-08-10,-32.0,-16.0,59.0,-55.0,-58.0,15.0,66.2,147.0,1.0
2020-08-11,-35.0,-19.0,46.0,-56.0,-58.0,16.0,66.2,150.0,1.0
2020-08-12,-36.0,-19.0,37.0,-57.0,-57.0,17.0,66.2,165.0,0.0
2020-08-13,-43.0,-20.0,23.0,-58.0,-58.0,18.0,66.2,126.0,2.0
2020-08-14,-45.0,-21.0,0.0,-55.0,-56.0,17.0,66.2,131.0,0.0
2020-08-15,-48.0,-25.0,-19.0,-49.0,-21.0,6.0,66.2,106.0,0.0
2020-08-16,-44.0,-26.0,12.0,-47.0,-16.0,4.0,66.2,88.0,0.0
2020-08-17,-30.0,-22.0,27.0,-55.0,-58.0,16.0,66.2,190.0,2.0
2020-08-18,-31.0,-21.0,35.0,-55.0,-56.0,16.0,66.2,184.0,1.0
2020-08-19,-38.0,-29.0,-22.0,-58.0,-57.0,18.0,66.2,154.0,0.0
2020-08-20,-38.0,-16.0,61.0,-55.0,-56.0,16.0,66.2,208.0,1.0
2020-08-21,-43.0,-20.0,13.0,-54.0,-55.0,16.0,66.2,170.0,0.0
2020-08-22,-45.0,-22.0,12.0,-45.0,-17.0,4.0,66.2,120.0,1.0
2020-08-23,-41.0,-25.0,27.0,-45.0,-14.0,3.0,66.2,141.0,0.0
2020-08-24,-26.0,-21.0,33.0,-54.0,-56.0,15.0,66.2,198.0,0.0
2020-08-25,-31.0,-23.0,-3.0,-55.0,-57.0,17.0,66.2,170.0,1.0
2020-08-26,-25.0,-19.0,39.0,-52.0,-54.0,15.0,66.2,165.0,0.0
2020-08-27,-40.0,-23.0,-2.0,-56.0,-56.0,17.0,66.2,232.0,0.0
2020-08-28,-39.0,-17.0,-1.0,-52.0,-55.0,15.0,66.2,223.0,0.0
2020-08-29,-43.0,-23.0,-18.0,-45.0,-19.0,5.0,66.2,139.0,0.0
2020-08-30,-35.0,-23.0,22.0,-41.0,-15.0,2.0,66.2,132.0,0.0
2020-08-31,-18.0,-24.0,68.0,-59.0,-74.0,17.0,66.2,217.0,1.0
2020-09-01,-34.0,-15.0,41.0,-52.0,-56.0,15.0,62.5,316.0,0.0
2020-09-02,-37.0,-18.0,19.0,-53.0,-54.0,16.0,62.5,343.0,1.0
2020-09-03,-38.0,-18.0,10.0,-53.0,-54.0,16.0,62.5,348.0,1.0
2020-09-04,-38.0,-16.0,17.0,-48.0,-51.0,14.0,62.5,359.0,0.0
2020-09-05,-38.0,-18.0,13.0,-42.0,-17.0,4.0,62.5,271.0,0.0
2020-09-06,-34.0,-18.0,39.0,-42.0,-15.0,3.0,62.5,209.0,2.0
2020-09-07,-32.0,-14.0,34.0,-49.0,-54.0,14.0,62.5,464.0,0.0
2020-09-08,-35.0,-15.0,36.0,-49.0,-54.0,14.0,62.5,351.0,0.0
2020-09-09,-37.0,-16.0,31.0,-50.0,-51.0,14.0,62.5,347.0,0.0
2020-09-10,-35.0,-14.0,42.0,-48.0,-51.0,14.0,62.5,397.0,2.0
2020-09-11,-36.0,-14.0,27.0,-45.0,-49.0,12.0,62.5,335.0,3.0
2020-09-12,-38.0,-17.0,19.0,-40.0,-16.0,4.0,62.5,232.0,0.0
2020-09-13,-34.0,-17.0,62.0,-38.0,-13.0,2.0,62.5,112.0,0.0
2020-09-14,-32.0,-13.0,68.0,-47.0,-47.0,12.0,63.89,304.0,0.0
2020-09-15,-35.0,-14.0,49.0,-47.0,-48.0,13.0,63.89,272.0,1.0
2020-09-16,-37.0,-16.0,40.0,-48.0,-47.0,14.0,63.89,294.0,2.0
2020-09-17,-36.0,-15.0,41.0,-48.0,-47.0,13.0,63.89,328.0,4.0
2020-09-18,-37.0,-14.0,29.0,-45.0,-45.0,12.0,63.89,386.0,1.0
2020-09-19,-38.0,-18.0,21.0,-41.0,-16.0,5.0,63.89,342.0,3.0
2020-09-20,-35.0,-18.0,52.0,-40.0,-14.0,3.0,63.89,415.0,4.0
2020-09-21,-32.0,-12.0,51.0,-47.0,-48.0,13.0,63.89,434.0,4.0
2020-09-22,-36.0,-14.0,37.0,-47.0,-48.0,13.0,63.89,525.0,6.0
2020-09-23,-41.0,-18.0,-7.0,-50.0,-46.0,15.0,63.89,658.0,7.0
2020-09-24,-40.0,-15.0,-1.0,-50.0,-47.0,15.0,63.89,602.0,2.0
2020-09-25,-40.0,-13.0,-10.0,-47.0,-45.0,14.0,63.89,607.0,1.0
2020-09-26,-40.0,-17.0,-18.0,-43.0,-16.0,6.0,63.89,552.0,1.0
2020-09-27,-40.0,-21.0,-10.0,-45.0,-16.0,6.0,63.89,535.0,2.0
2020-09-28,-33.0,-13.0,30.0,-48.0,-46.0,14.0,63.89,744.0,5.0
2020-09-29,-38.0,-15.0,10.0,-49.0,-46.0,15.0,63.89,705.0,9.0
2020-09-30,-39.0,-17.0,-8.0,-49.0,-46.0,15.0,63.89,1006.0,6.0
2020-10-01,-37.0,-12.0,10.0,-49.0,-44.0,15.0,63.89,1076.0,5.0
2020-10-02,-47.0,-20.0,-35.0,-49.0,-44.0,16.0,63.89,1040.0,3.0
2020-10-03,-42.0,-16.0,-32.0,-44.0,-17.0,8.0,63.89,800.0,2.0
2020-10-04,-45.0,-26.0,-45.0,-48.0,-17.0,7.0,63.89,834.0,2.0
2020-10-05,-36.0,-13.0,10.0,-48.0,-45.0,14.0,63.89,1298.0,9.0
2020-10-06,-39.0,-15.0,0.0,-48.0,-46.0,15.0,63.89,1168.0,5.0
2020-10-07,-39.0,-15.0,11.0,-49.0,-44.0,14.0,63.89,1425.0,6.0
2020-10-08,-41.0,-16.0,-6.0,-50.0,-45.0,15.0,63.89,1481.0,6.0
2020-10-09,-41.0,-14.0,-9.0,-47.0,-42.0,14.0,63.89,1362.0,7.0
2020-10-10,-39.0,-16.0,-17.0,-42.0,-14.0,7.0,63.89,881.0,5.0
2020-10-11,-36.0,-18.0,14.0,-41.0,-13.0,5.0,63.89,745.0,4.0
2020-10-12,-40.0,-17.0,-8.0,-49.0,-45.0,15.0,65.74,1590.0,6.0
2020-10-13,-43.0,-19.0,-21.0,-50.0,-45.0,16.0,65.74,1440.0,5.0
2020-10-14,-40.0,-14.0,-3.0,-49.0,-43.0,15.0,65.74,1638.0,4.0
2020-10-15,-39.0,-13.0,-4.0,-49.0,-43.0,15.0,65.74,1740.0,12.0
2020-10-16,-39.0,-10.0,-3.0,-45.0,-41.0,14.0,65.74,1685.0,7.0
2020-10-17,-43.0,-16.0,-14.0,-47.0,-15.0,8.0,65.74,1117.0,4.0
2020-10-18,-40.0,-18.0,8.0,-46.0,-15.0,7.0,65.74,1308.0,6.0
2020-10-19,-38.0,-14.0,16.0,-51.0,-46.0,16.0,65.74,2359.0,11.0
2020-10-20,-41.0,-15.0,9.0,-51.0,-46.0,16.0,65.74,2336.0,7.0
2020-10-21,-47.0,-21.0,-29.0,-54.0,-46.0,18.0,65.74,2376.0,15.0
2020-10-22,-39.0,-12.0,11.0,-52.0,-45.0,16.0,65.74,2200.0,11.0
2020-10-23,-41.0,-12.0,-5.0,-51.0,-44.0,16.0,65.74,2043.0,6.0
2020-10-24,-44.0,-18.0,-27.0,-48.0,-15.0,8.0,65.74,1458.0,18.0
2020-10-25,-36.0,-16.0,0.0,-46.0,-14.0,6.0,65.74,1303.0,11.0
2020-10-26,-33.0,-14.0,19.0,-54.0,-53.0,17.0,65.74,2561.0,12.0
2020-10-27,-40.0,-19.0,-25.0,-55.0,-54.0,18.0,65.74,2111.0,14.0
2020-10-28,-38.0,-16.0,-3.0,-54.0,-52.0,18.0,65.74,1996.0,21.0
2020-10-29,-41.0,-17.0,-24.0,-56.0,-53.0,19.0,65.74,2030.0,12.0
2020-10-30,-39.0,-11.0,-5.0,-51.0,-50.0,17.0,65.74,1895.0,14.0
2020-10-31,-44.0,-15.0,-33.0,-47.0,-15.0,8.0,65.74,1403.0,8.0
2020-11-01,-34.0,-16.0,-13.0,-43.0,-12.0,5.0,65.74,1226.0,17.0
2020-11-02,-28.0,-9.0,1.0,-48.0,-44.0,14.0,65.74,2965.0,18.0
2020-11-03,-27.0,-11.0,-10.0,-46.0,-43.0,14.0,65.74,2162.0,13.0
2020-11-04,-21.0,-8.0,10.0,-43.0,-41.0,12.0,65.74,2084.0,16.0
2020-11-05,-64.0,-18.0,-9.0,-60.0,-50.0,21.0,77.78,2115.0,15.0
2020-11-06,-65.0,-15.0,-12.0,-60.0,-49.0,22.0,77.78,2145.0,16.0
2020-11-07,-66.0,-18.0,2.0,-62.0,-33.0,15.0,77.78,1667.0,23.0
2020-11-08,-66.0,-23.0,7.0,-62.0,-35.0,12.0,77.78,1792.0,19.0
2020-11-09,-59.0,-19.0,4.0,-58.0,-51.0,20.0,77.78,3128.0,29.0
2020-11-10,-61.0,-16.0,4.0,-58.0,-51.0,20.0,77.78,2776.0,15.0
2020-11-11,-62.0,-17.0,-7.0,-59.0,-50.0,21.0,77.78,2961.0,12.0
2020-11-12,-61.0,-13.0,6.0,-59.0,-51.0,21.0,77.78,2890.0,20.0
2020-11-13,-63.0,-11.0,-6.0,-58.0,-49.0,21.0,77.78,2744.0,13.0
2020-11-14,-69.0,-21.0,-46.0,-64.0,-35.0,16.0,77.78,1960.0,20.0
2020-11-15,-66.0,-22.0,-9.0,-61.0,-36.0,12.0,77.78,1830.0,19.0
2020-11-16,-59.0,-17.0,-3.0,-58.0,-51.0,20.0,77.78,3117.0,30.0
2020-11-17,-61.0,-16.0,-4.0,-58.0,-51.0,20.0,75.0,2597.0,30.0
2020-11-18,-62.0,-17.0,-6.0,-59.0,-50.0,21.0,75.0,2488.0,20.0
2020-11-19,-63.0,-16.0,-15.0,-60.0,-51.0,22.0,75.0,2212.0,27.0
2020-11-20,-64.0,-13.0,-25.0,-59.0,-49.0,22.0,75.0,2152.0,28.0
2020-11-21,-65.0,-16.0,-14.0,-59.0,-32.0,14.0,75.0,1514.0,19.0
2020-11-22,-62.0,-18.0,24.0,-58.0,-33.0,11.0,75.0,1508.0,29.0
2020-11-23,-58.0,-16.0,3.0,-58.0,-50.0,20.0,75.0,2430.0,18.0
2020-11-24,-60.0,-16.0,-1.0,-58.0,-51.0,20.0,75.0,2179.0,30.0
2020-11-25,-62.0,-18.0,-12.0,-59.0,-49.0,21.0,75.0,2265.0,39.0
2020-11-26,-60.0,-15.0,-3.0,-59.0,-50.0,21.0,75.0,2092.0,29.0
2020-11-27,-61.0,-12.0,-14.0,-58.0,-49.0,21.0,75.0,2234.0,21.0
2020-11-28,-63.0,-16.0,-16.0,-58.0,-30.0,14.0,75.0,1654.0,33.0
2020-11-29,-63.0,-21.0,-3.0,-59.0,-32.0,11.0,75.0,1670.0,49.0
2020-11-30,-56.0,-16.0,-10.0,-57.0,-49.0,19.0,75.0,2720.0,26.0
2020-12-01,-57.0,-14.0,-4.0,-57.0,-48.0,19.0,75.0,2489.0,22.0
2020-12-02,-43.0,-13.0,-13.0,-53.0,-42.0,17.0,75.0,2839.0,28.0
2020-12-03,-46.0,-18.0,-34.0,-53.0,-44.0,18.0,67.59,2487.0,35.0
2020-12-04,-42.0,-9.0,-24.0,-49.0,-42.0,16.0,67.59,2964.0,33.0
2020-12-05,-38.0,-10.0,-14.0,-42.0,-14.0,8.0,67.59,2277.0,27.0
2020-12-06,-38.0,-15.0,-11.0,-44.0,-15.0,7.0,67.59,2445.0,27.0
2020-12-07,-38.0,-12.0,-13.0,-51.0,-45.0,16.0,67.59,3749.0,35.0
2020-12-08,-41.0,-12.0,-15.0,-51.0,-44.0,16.0,67.59,3759.0,35.0
2020-12-09,-42.0,-12.0,-14.0,-52.0,-43.0,16.0,67.59,4462.0,30.0
2020-12-10,-41.0,-11.0,-12.0,-51.0,-44.0,17.0,67.59,5080.0,28.0
2020-12-11,-42.0,-9.0,-13.0,-48.0,-42.0,16.0,67.59,5538.0,27.0
2020-12-12,-41.0,-11.0,-18.0,-42.0,-15.0,8.0,67.59,4749.0,41.0
2020-12-13,-44.0,-18.0,-32.0,-47.0,-16.0,8.0,67.59,5571.0,29.0
2020-12-14,-37.0,-12.0,-10.0,-51.0,-47.0,16.0,67.59,8438.0,37.0
2020-12-15,-32.0,-7.0,-1.0,-48.0,-46.0,15.0,67.59,8974.0,45.0
2020-12-16,-51.0,-12.0,-19.0,-56.0,-48.0,19.0,67.59,10165.0,30.0
2020-12-17,-49.0,-6.0,2.0,-56.0,-50.0,19.0,67.59,10317.0,61.0
2020-12-18,-53.0,-9.0,-26.0,-56.0,-52.0,20.0,67.59,11002.0,43.0
2020-12-19,-53.0,-10.0,-30.0,-51.0,-22.0,11.0,71.3,7289.0,48.0
2020-12-20,-65.0,-18.0,-6.0,-59.0,-28.0,10.0,71.3,9078.0,52.0
2020-12-21,-58.0,-5.0,-19.0,-66.0,-63.0,23.0,71.3,13495.0,63.0
2020-12-22,-58.0,-3.0,-11.0,-67.0,-65.0,24.0,71.3,13569.0,75.0
2020-12-23,-59.0,4.0,-21.0,-68.0,-65.0,25.0,71.3,12532.0,70.0
2020-12-24,-61.0,3.0,-6.0,-72.0,-72.0,27.0,74.07,9594.0,66.0
2020-12-25,-92.0,-84.0,-27.0,-92.0,-88.0,37.0,72.69,4413.0,90.0
2020-12-26,-85.0,-58.0,-42.0,-79.0,-56.0,20.0,74.07,12085.0,93.0
2020-12-27,-71.0,-32.0,-8.0,-68.0,-35.0,12.0,74.07,13364.0,104.0
2020-12-28,-68.0,-31.0,-4.0,-78.0,-80.0,31.0,74.07,10880.0,102.0
2020-12-29,-65.0,-21.0,-11.0,-73.0,-72.0,28.0,74.07,20265.0,111.0
2020-12-30,-64.0,-14.0,2.0,-73.0,-71.0,28.0,74.07,17658.0,125.0
2020-12-31,-65.0,-7.0,-12.0,-74.0,-73.0,29.0,74.07,12667.0,129.0
2021-01-01,-85.0,-61.0,-31.0,-84.0,-84.0,36.0,74.07,6889.0,136.0
2021-01-02,-74.0,-31.0,-26.0,-72.0,-42.0,18.0,74.07,13941.0,146.0
2021-01-03,-72.0,-33.0,-20.0,-68.0,-34.0,13.0,74.07,13396.0,137.0
2021-01-04,-66.0,-25.0,-32.0,-69.0,-61.0,25.0,74.07,17652.0,161.0
2021-01-05,-70.0,-29.0,-41.0,-71.0,-63.0,27.0,87.96,14895.0,177.0
2021-01-06,-70.0,-27.0,-20.0,-71.0,-62.0,27.0,87.96,13885.0,161.0
2021-01-07,-70.0,-27.0,-19.0,-71.0,-62.0,28.0,87.96,12354.0,186.0
2021-01-08,-72.0,-28.0,-34.0,-71.0,-61.0,28.0,87.96,10770.0,176.0
2021-01-09,-73.0,-27.0,-24.0,-70.0,-37.0,17.0,87.96,8960.0,179.0
2021-01-10,-74.0,-34.0,-29.0,-71.0,-37.0,14.0,87.96,7641.0,194.0
2021-01-11,-67.0,-28.0,-19.0,-70.0,-62.0,26.0,87.96,11844.0,185.0
2021-01-12,-70.0,-30.0,-28.0,-71.0,-63.0,27.0,87.96,10081.0,193.0
2021-01-13,-72.0,-32.0,-42.0,-72.0,-63.0,27.0,87.96,9508.0,201.0
2021-01-14,-74.0,-33.0,-47.0,-73.0,-64.0,28.0,87.96,9159.0,197.0
2021-01-15,-72.0,-26.0,-26.0,-71.0,-62.0,27.0,87.96,8397.0,183.0
2021-01-16,-76.0,-31.0,-46.0,-72.0,-40.0,18.0,87.96,6311.0,200.0
2021-01-17,-71.0,-30.0,6.0,-68.0,-37.0,13.0,87.96,5523.0,208.0
2021-01-18,-68.0,-29.0,-15.0,-70.0,-63.0,25.0,87.96,8516.0,204.0
2021-01-19,-70.0,-30.0,-27.0,-71.0,-64.0,26.0,87.96,7213.0,208.0
2021-01-20,-73.0,-33.0,-41.0,-72.0,-63.0,27.0,87.96,6377.0,186.0
2021-01-21,-70.0,-26.0,-13.0,-71.0,-63.0,27.0,87.96,5944.0,183.0
2021-01-22,-70.0,-24.0,-8.0,-69.0,-60.0,26.0,87.96,5740.0,160.0
2021-01-23,-72.0,-25.0,-21.0,-69.0,-37.0,16.0,87.96,4259.0,159.0
2021-01-24,-76.0,-37.0,-8.0,-72.0,-40.0,14.0,87.96,3199.0,152.0
2021-01-25,-67.0,-26.0,-6.0,-69.0,-62.0,25.0,87.96,5104.0,155.0
2021-01-26,-70.0,-30.0,-33.0,-71.0,-63.0,26.0,87.96,4293.0,126.0
2021-01-27,-70.0,-27.0,-23.0,-71.0,-62.0,26.0,87.96,4314.0,128.0
2021-01-28,-69.0,-24.0,-14.0,-70.0,-62.0,26.0,87.96,3972.0,125.0
2021-01-29,-70.0,-21.0,-22.0,-68.0,-60.0,26.0,87.96,3498.0,123.0
2021-01-30,-75.0,-29.0,-59.0,-71.0,-39.0,17.0,87.96,2715.0,86.0
2021-01-31,-70.0,-27.0,-13.0,-68.0,-37.0,13.0,87.96,2288.0,101.0
2021-02-01,-66.0,-25.0,-15.0,-68.0,-62.0,24.0,87.96,3376.0,93.0
2021-02-02,-67.0,-24.0,-10.0,-68.0,-62.0,25.0,87.96,3020.0,97.0
2021-02-03,-69.0,-26.0,-23.0,-70.0,-61.0,26.0,87.96,2779.0,108.0
2021-02-04,-69.0,-26.0,-27.0,-71.0,-61.0,26.0,87.96,2538.0,67.0
2021-02-05,-67.0,-16.0,2.0,-68.0,-59.0,25.0,87.96,2186.0,91.0
2021-02-06,-70.0,-22.0,-28.0,-68.0,-36.0,15.0,87.96,1591.0,76.0
2021-02-07,-75.0,-35.0,-48.0,-72.0,-40.0,14.0,87.96,1383.0,66.0
2021-02-08,-69.0,-29.0,-18.0,-70.0,-63.0,25.0,87.96,1860.0,66.0
2021-02-09,-70.0,-28.0,-27.0,-71.0,-63.0,26.0,87.96,1704.0,57.0
2021-02-10,-67.0,-21.0,-19.0,-70.0,-61.0,26.0,87.96,1575.0,65.0
2021-02-11,-68.0,-21.0,-24.0,-70.0,-61.0,26.0,87.96,1485.0,44.0
2021-02-12,-68.0,-18.0,-29.0,-68.0,-59.0,26.0,87.96,1315.0,41.0
2021-02-13,-69.0,-17.0,-32.0,-67.0,-36.0,15.0,87.96,897.0,41.0
2021-02-14,-68.0,-24.0,-22.0,-67.0,-35.0,13.0,87.96,915.0,37.0
2021-02-15,-62.0,-20.0,9.0,-67.0,-63.0,23.0,87.96,1427.0,44.0
2021-02-16,-65.0,-21.0,-19.0,-68.0,-63.0,25.0,87.96,1231.0,43.0
2021-02-17,-66.0,-22.0,-21.0,-68.0,-62.0,25.0,87.96,1129.0,40.0
2021-02-18,-65.0,-18.0,0.0,-68.0,-62.0,25.0,87.96,1144.0,37.0
2021-02-19,-66.0,-16.0,-9.0,-67.0,-60.0,25.0,87.96,1060.0,33.0
2021-02-20,-65.0,-16.0,13.0,-62.0,-33.0,14.0,87.96,823.0,30.0
2021-02-21,-65.0,-23.0,28.0,-63.0,-32.0,11.0,87.96,763.0,38.0
2021-02-22,-63.0,-22.0,-11.0,-66.0,-59.0,23.0,87.96,1045.0,21.0
2021-02-23,-62.0,-18.0,18.0,-66.0,-59.0,23.0,87.96,957.0,20.0
2021-02-24,-64.0,-18.0,16.0,-66.0,-58.0,24.0,87.96,763.0,21.0
2021-02-25,-65.0,-17.0,-3.0,-67.0,-58.0,25.0,87.96,665.0,19.0
2021-02-26,-62.0,-9.0,34.0,-63.0,-56.0,23.0,87.96,642.0,15.0
2021-02-27,-63.0,-12.0,31.0,-60.0,-30.0,12.0,87.96,528.0,12.0
2021-02-28,-64.0,-20.0,18.0,-62.0,-31.0,11.0,87.96,499.0,10.0
2021-03-01,-60.0,-16.0,14.0,-65.0,-58.0,22.0,87.96,576.0,20.0
2021-03-02,-63.0,-18.0,2.0,-66.0,-59.0,23.0,87.96,678.0,14.0
2021-03-03,-66.0,-22.0,-25.0,-67.0,-58.0,24.0,87.96,596.0,8.0
2021-03-04,-65.0,-16.0,-15.0,-67.0,-58.0,24.0,87.96,534.0,12.0
2021-03-05,-64.0,-11.0,-7.0,-64.0,-55.0,24.0,87.96,515.0,15.0
2021-03-06,-65.0,-14.0,-13.0,-62.0,-31.0,14.0,87.96,416.0,13.0
2021-03-07,-63.0,-17.0,23.0,-62.0,-30.0,11.0,87.96,425.0,9.0
2021-03-08,-58.0,-11.0,17.0,-61.0,-56.0,20.0,80.56,581.0,7.0
2021-03-09,-59.0,-12.0,38.0,-60.0,-55.0,20.0,80.56,616.0,9.0
2021-03-10,-67.0,-20.0,-33.0,-64.0,-54.0,22.0,80.56,545.0,10.0
2021-03-11,-63.0,-11.0,-7.0,-62.0,-54.0,22.0,80.56,472.0,7.0
2021-03-12,-64.0,-7.0,-5.0,-60.0,-51.0,21.0,80.56,528.0,1.0
2021-03-13,-65.0,-9.0,-19.0,-61.0,-30.0,13.0,80.56,383.0,8.0
2021-03-14,-64.0,-15.0,3.0,-60.0,-25.0,10.0,80.56,372.0,6.0
2021-03-15,-59.0,-14.0,9.0,-60.0,-53.0,19.0,80.56,617.0,7.0
2021-03-16,-62.0,-14.0,2.0,-60.0,-54.0,20.0,80.56,522.0,5.0
2021-03-17,-63.0,-13.0,1.0,-61.0,-52.0,20.0,80.56,477.0,7.0
2021-03-18,-64.0,-12.0,-9.0,-61.0,-53.0,21.0,80.56,485.0,2.0
2021-03-19,-61.0,-5.0,29.0,-57.0,-50.0,19.0,80.56,452.0,3.0
2021-03-20,-65.0,-13.0,-3.0,-60.0,-29.0,13.0,80.56,387.0,2.0
2021-03-21,-63.0,-16.0,31.0,-59.0,-27.0,10.0,80.56,479.0,3.0
2021-03-22,-56.0,-8.0,58.0,-58.0,-52.0,18.0,80.56,553.0,7.0
2021-03-23,-60.0,-11.0,25.0,-59.0,-53.0,19.0,80.56,489.0,2.0
2021-03-24,-61.0,-11.0,15.0,-60.0,-51.0,20.0,80.56,636.0,5.0
2021-03-25,-62.0,-9.0,7.0,-60.0,-52.0,21.0,80.56,471.0,1.0
2021-03-26,-64.0,-8.0,-14.0,-59.0,-50.0,21.0,80.56,457.0,2.0
2021-03-27,-62.0,-9.0,12.0,-57.0,-28.0,12.0,80.56,322.0,7.0
2021-03-28,-66.0,-20.0,1.0,-61.0,-30.0,11.0,80.56,530.0,2.0
2021-03-29,-53.0,-5.0,98.0,-56.0,-52.0,17.0,73.15,428.0,2.0
2021-03-30,-55.0,-4.0,118.0,-55.0,-52.0,16.0,73.15,384.0,2.0
2021-03-31,-57.0,-4.0,60.0,-56.0,-51.0,18.0,73.15,322.0,2.0
2021-04-01,-54.0,6.0,47.0,-57.0,-54.0,18.0,73.15,370.0,3.0
2021-04-02,-62.0,-6.0,45.0,-67.0,-74.0,26.0,73.15,271.0,1.0
2021-04-03,-65.0,-7.0,-1.0,-59.0,-34.0,11.0,73.15,252.0,4.0
2021-04-04,-69.0,-36.0,81.0,-53.0,-31.0,6.0,73.15,221.0,1.0
2021-04-05,-61.0,-18.0,48.0,-72.0,-79.0,26.0,73.15,262.0,1.0
2021-04-06,-59.0,-10.0,14.0,-61.0,-60.0,21.0,73.15,359.0,1.0
2021-04-07,-60.0,-12.0,12.0,-61.0,-58.0,21.0,73.15,372.0,2.0
2021-04-08,-59.0,-10.0,27.0,-61.0,-58.0,21.0,73.15,330.0,2.0
2021-04-09,-61.0,-7.0,32.0,-58.0,-55.0,20.0,73.15,376.0,1.0
2021-04-10,-66.0,-13.0,-20.0,-58.0,-28.0,12.0,73.15,293.0,3.0
2021-04-11,-61.0,-15.0,35.0,-54.0,-25.0,8.0,73.15,312.0,3.0
2021-04-12,-34.0,-5.0,36.0,-52.0,-56.0,16.0,63.89,353.0,0.0
2021-04-13,-42.0,-7.0,28.0,-54.0,-57.0,17.0,63.89,303.0,2.0
2021-04-14,-43.0,-6.0,32.0,-54.0,-56.0,18.0,63.89,295.0,0.0
2021-04-15,-45.0,-7.0,13.0,-55.0,-55.0,18.0,63.89,321.0,2.0
2021-04-16,-45.0,-3.0,33.0,-51.0,-53.0,16.0,63.89,332.0,2.0
2021-04-17,-46.0,-6.0,33.0,-42.0,-22.0,6.0,63.89,231.0,1.0
2021-04-18,-43.0,-8.0,61.0,-42.0,-20.0,5.0,63.89,395.0,2.0
2021-04-19,-40.0,-3.0,66.0,-50.0,-47.0,15.0,63.89,395.0,3.0
2021-04-20,-44.0,-5.0,43.0,-50.0,-47.0,15.0,63.89,377.0,2.0
2021-04-21,-45.0,-6.0,24.0,-52.0,-46.0,16.0,63.89,389.0,1.0
2021-04-22,-43.0,-3.0,44.0,-51.0,-45.0,15.0,63.89,327.0,0.0
2021-04-23,-44.0,0.0,44.0,-48.0,-43.0,14.0,63.89,250.0,1.0
2021-04-24,-44.0,-4.0,38.0,-42.0,-20.0,5.0,63.89,247.0,1.0
2021-04-25,-43.0,-10.0,33.0,-46.0,-20.0,6.0,63.89,281.0,2.0
2021-04-26,-41.0,-4.0,42.0,-51.0,-45.0,15.0,63.89,325.0,0.0
2021-04-27,-43.0,-6.0,34.0,-50.0,-46.0,15.0,63.89,286.0,3.0
2021-04-28,-49.0,-9.0,-5.0,-52.0,-45.0,16.0,63.89,307.0,5.0
2021-04-29,-44.0,-2.0,19.0,-51.0,-45.0,15.0,63.89,216.0,0.0
2021-04-30,-43.0,2.0,19.0,-47.0,-42.0,14.0,63.89,240.0,2.0
2021-05-01,-44.0,-4.0,6.0,-43.0,-21.0,6.0,63.89,187.0,1.0
2021-05-02,-42.0,-11.0,24.0,-44.0,-20.0,4.0,63.89,183.0,1.0
2021-05-03,-40.0,-16.0,26.0,-65.0,-77.0,23.0,63.89,250.0,1.0
2021-05-04,-47.0,-5.0,2.0,-51.0,-46.0,16.0,63.89,316.0,1.0
2021-05-05,-47.0,-7.0,7.0,-51.0,-44.0,16.0,63.89,283.0,3.0
2021-05-06,-43.0,0.0,26.0,-50.0,-45.0,15.0,63.89,300.0,0.0
2021-05-07,-44.0,-2.0,26.0,-48.0,-41.0,14.0,63.89,237.0,3.0
2021-05-08,-51.0,-10.0,-30.0,-50.0,-21.0,9.0,63.89,191.0,0.0
2021-05-09,-40.0,-9.0,50.0,-43.0,-17.0,5.0,63.89,287.0,0.0
2021-05-10,-40.0,-4.0,34.0,-50.0,-45.0,14.0,63.89,362.0,2.0
2021-05-11,-41.0,-4.0,31.0,-49.0,-44.0,14.0,63.89,298.0,1.0
2021-05-12,-40.0,-1.0,32.0,-49.0,-44.0,14.0,63.89,233.0,0.0
2021-05-13,-46.0,-6.0,4.0,-51.0,-47.0,15.0,63.89,263.0,0.0
2021-05-14,-44.0,-1.0,15.0,-48.0,-42.0,14.0,63.89,251.0,0.0
2021-05-15,-45.0,-6.0,-9.0,-44.0,-21.0,7.0,63.89,194.0,2.0
2021-05-16,-45.0,-12.0,-10.0,-48.0,-18.0,7.0,63.89,224.0,1.0
2021-05-17,-36.0,-8.0,10.0,-48.0,-44.0,14.0,58.33,340.0,0.0
2021-05-18,-37.0,-5.0,15.0,-47.0,-44.0,13.0,58.33,329.0,0.0
2021-05-19,-37.0,-4.0,22.0,-47.0,-42.0,13.0,58.33,360.0,0.0
2021-05-20,-38.0,-3.0,4.0,-49.0,-42.0,14.0,58.33,329.0,2.0
2021-05-21,-41.0,-4.0,-15.0,-45.0,-40.0,13.0,58.33,273.0,0.0
2021-05-22,-37.0,-5.0,-2.0,-37.0,-16.0,4.0,58.33,249.0,0.0
2021-05-23,-37.0,-13.0,-2.0,-41.0,-15.0,4.0,58.33,281.0,2.0
2021-05-24,-37.0,-5.0,7.0,-49.0,-43.0,14.0,58.33,380.0,1.0
2021-05-25,-37.0,-3.0,12.0,-48.0,-43.0,13.0,58.33,424.0,1.0
2021-05-26,-36.0,-2.0,24.0,-47.0,-41.0,13.0,58.33,485.0,3.0
2021-05-27,-30.0,1.0,47.0,-46.0,-40.0,12.0,58.33,520.0,1.0
2021-05-28,-32.0,3.0,21.0,-42.0,-39.0,10.0,58.33,430.0,0.0
2021-05-29,-33.0,-3.0,30.0,-32.0,-15.0,1.0,58.33,385.0,1.0
2021-05-30,-25.0,-6.0,67.0,-31.0,-14.0,-1.0,58.33,401.0,2.0
2021-05-31,-21.0,-7.0,140.0,-55.0,-76.0,14.0,58.33,515.0,0.0
2021-06-01,-28.0,3.0,73.0,-48.0,-53.0,12.0,58.33,713.0,0.0
2021-06-02,-30.0,0.0,61.0,-48.0,-51.0,13.0,58.33,814.0,1.0
2021-06-03,-28.0,2.0,64.0,-48.0,-51.0,13.0,58.33,797.0,1.0
2021-06-04,-39.0,-8.0,-20.0,-48.0,-49.0,14.0,58.33,703.0,2.0
2021-06-05,-33.0,-1.0,41.0,-34.0,-11.0,1.0,58.33,598.0,1.0
2021-06-06,-31.0,-7.0,38.0,-38.0,-9.0,2.0,58.33,667.0,2.0
2021-06-07,-28.0,4.0,65.0,-46.0,-42.0,12.0,58.33,1017.0,0.0
2021-06-08,-30.0,3.0,60.0,-46.0,-41.0,12.0,58.33,1095.0,2.0
2021-06-09,-30.0,4.0,63.0,-45.0,-40.0,12.0,58.33,1077.0,2.0
2021-06-10,-30.0,4.0,45.0,-45.0,-39.0,12.0,58.33,996.0,0.0
2021-06-11,-32.0,4.0,34.0,-42.0,-37.0,11.0,58.33,938.0,0.0
2021-06-12,-34.0,0.0,39.0,-34.0,-10.0,1.0,58.33,772.0,5.0
2021-06-13,-33.0,-5.0,59.0,-34.0,-9.0,0.0,58.33,767.0,1.0
2021-06-14,-30.0,4.0,60.0,-46.0,-41.0,12.0,58.33,1208.0,0.0
2021-06-15,-31.0,3.0,46.0,-46.0,-40.0,12.0,58.33,1300.0,1.0
2021-06-16,-32.0,1.0,48.0,-46.0,-40.0,12.0,58.33,1163.0,2.0
2021-06-17,-35.0,-2.0,6.0,-47.0,-41.0,13.0,52.78,1300.0,2.0
2021-06-18,-40.0,-6.0,-23.0,-45.0,-39.0,13.0,52.78,1038.0,4.0
2021-06-19,-35.0,-5.0,-8.0,-38.0,-11.0,4.0,52.78,924.0,2.0
2021-06-20,-29.0,-10.0,4.0,-40.0,-8.0,3.0,52.78,971.0,1.0
2021-06-21,-35.0,-7.0,-6.0,-49.0,-42.0,14.0,52.78,1654.0,2.0
2021-06-22,-31.0,-2.0,17.0,-47.0,-41.0,13.0,52.78,1787.0,0.0
2021-06-23,-30.0,-1.0,46.0,-46.0,-40.0,12.0,52.78,1971.0,0.0
2021-06-24,-30.0,0.0,35.0,-46.0,-40.0,12.0,52.78,1959.0,3.0
2021-06-25,-31.0,1.0,24.0,-42.0,-38.0,11.0,52.78,2057.0,4.0
2021-06-26,-31.0,-5.0,25.0,-32.0,-10.0,2.0,52.78,1722.0,0.0
2021-06-27,-32.0,-11.0,7.0,-38.0,-9.0,3.0,52.78,1890.0,4.0
2021-06-28,-30.0,-2.0,24.0,-47.0,-42.0,12.0,52.78,2873.0,0.0
2021-06-29,-34.0,-8.0,3.0,-48.0,-43.0,12.0,52.78,2996.0,3.0
2021-06-30,-32.0,-2.0,25.0,-47.0,-41.0,11.0,52.78,3082.0,4.0
2021-07-01,-29.0,1.0,45.0,-45.0,-40.0,12.0,52.78,3098.0,3.0
2021-07-02,-32.0,1.0,37.0,-42.0,-38.0,11.0,52.78,2944.0,2.0
2021-07-03,-35.0,-6.0,-1.0,-35.0,-10.0,3.0,52.78,2683.0,3.0
2021-07-04,-30.0,-10.0,12.0,-37.0,-9.0,3.0,52.78,2633.0,1.0
2021-07-05,-28.0,-1.0,36.0,-46.0,-41.0,12.0,52.78,3860.0,2.0
2021-07-06,-33.0,-6.0,-2.0,-46.0,-42.0,14.0,52.78,4022.0,2.0
2021-07-07,-29.0,0.0,25.0,-44.0,-41.0,12.0,52.78,4500.0,2.0
2021-07-08,-31.0,-1.0,32.0,-46.0,-41.0,13.0,52.78,3686.0,3.0
2021-07-09,-32.0,1.0,30.0,-43.0,-39.0,11.0,52.78,3654.0,2.0
2021-07-10,-33.0,-5.0,1.0,-35.0,-11.0,3.0,52.78,3250.0,3.0
2021-07-11,-25.0,-4.0,31.0,-27.0,-6.0,0.0,52.78,3283.0,0.0
2021-07-12,-34.0,-8.0,14.0,-47.0,-45.0,14.0,52.78,4968.0,2.0
2021-07-13,-31.0,0.0,36.0,-46.0,-43.0,13.0,52.78,5309.0,4.0
2021-07-14,-30.0,-1.0,43.0,-45.0,-42.0,13.0,52.78,6573.0,3.0
2021-07-15,-30.0,0.0,32.0,-46.0,-42.0,13.0,52.78,7817.0,2.0
2021-07-16,-30.0,3.0,48.0,-42.0,-40.0,10.0,52.78,7136.0,2.0
2021-07-17,-34.0,-4.0,34.0,-33.0,-11.0,1.0,52.78,5079.0,3.0
2021-07-18,-33.0,-7.0,50.0,-33.0,-9.0,0.0,52.78,4523.0,7.0
2021-07-19,-26.0,4.0,53.0,-46.0,-46.0,12.0,23.15,6136.0,6.0
2021-07-20,-31.0,-1.0,45.0,-46.0,-48.0,12.0,23.15,5159.0,8.0
2021-07-21,-29.0,1.0,48.0,-46.0,-45.0,12.0,23.15,4783.0,8.0
2021-07-22,-28.0,2.0,53.0,-45.0,-46.0,12.0,23.15,4313.0,7.0
2021-07-23,-30.0,-1.0,35.0,-43.0,-45.0,11.0,23.15,3927.0,10.0
2021-07-24,-35.0,-11.0,-4.0,-35.0,-12.0,3.0,23.15,3118.0,5.0
2021-07-25,-35.0,-19.0,-14.0,-36.0,-10.0,2.0,23.15,2881.0,5.0
2021-07-26,-25.0,-1.0,53.0,-47.0,-51.0,13.0,23.15,4042.0,8.0
2021-07-27,-29.0,-6.0,22.0,-48.0,-51.0,14.0,23.15,3905.0,3.0
2021-07-28,-32.0,-10.0,-1.0,-49.0,-50.0,14.0,23.15,3964.0,12.0
2021-07-29,-25.0,-1.0,43.0,-46.0,-49.0,12.0,23.15,3902.0,11.0
2021-07-30,-33.0,-7.0,-11.0,-45.0,-49.0,13.0,23.15,3356.0,13.0
2021-07-31,-33.0,-11.0,-7.0,-33.0,-12.0,2.0,23.15,2670.0,8.0
2021-08-01,-27.0,-13.0,16.0,-32.0,-9.0,1.0,23.15,2693.0,9.0
2021-08-02,-24.0,-4.0,40.0,-47.0,-52.0,13.0,23.15,3987.0,9.0
2021-08-03,-27.0,-6.0,32.0,-47.0,-52.0,13.0,23.15,4033.0,6.0
2021-08-04,-26.0,-5.0,45.0,-46.0,-51.0,12.0,23.15,4294.0,13.0
2021-08-05,-29.0,-7.0,10.0,-47.0,-51.0,13.0,23.15,4295.0,16.0
2021-08-06,-33.0,-7.0,-2.0,-45.0,-49.0,12.0,23.15,3731.0,8.0
2021-08-07,-35.0,-15.0,-21.0,-35.0,-14.0,3.0,23.15,3015.0,8.0
2021-08-08,-31.0,-16.0,-6.0,-34.0,-10.0,1.0,23.15,2915.0,7.0
2021-08-09,-28.0,-9.0,9.0,-48.0,-53.0,14.0,23.15,3877.0,8.0
2021-08-10,-24.0,-4.0,47.0,-45.0,-52.0,12.0,23.15,3928.0,5.0
2021-08-11,-25.0,-5.0,51.0,-45.0,-51.0,12.0,23.15,4369.0,12.0
2021-08-12,-27.0,-5.0,29.0,-46.0,-51.0,12.0,23.15,4017.0,17.0
2021-08-13,-31.0,-5.0,17.0,-43.0,-49.0,11.0,23.15,3761.0,7.0
2021-08-14,-32.0,-11.0,16.0,-29.0,-12.0,0.0,23.15,2948.0,12.0
2021-08-15,-27.0,-13.0,29.0,-29.0,-9.0,-1.0,23.15,2760.0,13.0
2021-08-16,-25.0,-5.0,31.0,-46.0,-53.0,12.0,23.15,3926.0,10.0
2021-08-17,-28.0,-8.0,12.0,-47.0,-53.0,13.0,23.15,3824.0,12.0
2021-08-18,-27.0,-6.0,31.0,-46.0,-49.0,12.0,23.15,3803.0,10.0
2021-08-19,-26.0,-5.0,33.0,-46.0,-50.0,12.0,23.15,3625.0,13.0
2021-08-20,-30.0,-6.0,20.0,-43.0,-48.0,11.0,23.15,3168.0,16.0
2021-08-21,-34.0,-13.0,-11.0,-32.0,-13.0,2.0,23.15,2728.0,13.0
2021-08-22,-28.0,-15.0,10.0,-30.0,-8.0,0.0,23.15,2723.0,13.0
2021-08-23,-22.0,-5.0,53.0,-45.0,-51.0,12.0,23.15,3656.0,15.0
2021-08-24,-24.0,-6.0,41.0,-45.0,-51.0,12.0,23.15,3516.0,9.0
2021-08-25,-24.0,-5.0,46.0,-45.0,-50.0,12.0,23.15,3526.0,10.0
2021-08-26,-24.0,-5.0,23.0,-44.0,-50.0,12.0,23.15,3246.0,13.0
2021-08-27,-27.0,-3.0,22.0,-41.0,-49.0,10.0,23.15,3142.0,11.0
2021-08-28,-31.0,-11.0,10.0,-28.0,-14.0,0.0,23.15,2647.0,14.0
2021-08-29,-22.0,-13.0,32.0,-25.0,-9.0,-2.0,23.15,2286.0,7.0
2021-08-30,-21.0,-14.0,48.0,-53.0,-75.0,16.0,23.15,2873.0,8.0
2021-08-31,-25.0,-1.0,15.0,-45.0,-51.0,13.0,23.15,3811.0,12.0
2021-09-01,-26.0,-2.0,20.0,-44.0,-46.0,12.0,23.15,3677.0,11.0
2021-09-02,-24.0,0.0,25.0,-43.0,-45.0,12.0,23.15,3811.0,13.0
2021-09-03,-27.0,-1.0,20.0,-39.0,-42.0,10.0,23.15,3531.0,21.0
2021-09-04,-28.0,-6.0,6.0,-29.0,-10.0,2.0,23.15,2757.0,8.0
2021-09-05,-19.0,-5.0,55.0,-25.0,-6.0,0.0,23.15,2706.0,11.0
2021-09-06,-20.0,3.0,58.0,-39.0,-44.0,10.0,23.15,3892.0,15.0
2021-09-07,-24.0,0.0,52.0,-39.0,-43.0,10.0,23.15,3462.0,11.0
2021-09-08,-25.0,0.0,50.0,-39.0,-42.0,10.0,23.15,3214.0,13.0
2021-09-09,-26.0,0.0,20.0,-39.0,-41.0,10.0,23.15,2805.0,17.0
2021-09-10,-28.0,-2.0,10.0,-37.0,-39.0,9.0,23.15,2569.0,10.0
2021-09-11,-25.0,-5.0,17.0,-25.0,-10.0,1.0,23.15,2227.0,8.0
2021-09-12,-22.0,-6.0,36.0,-26.0,-7.0,1.0,23.15,2065.0,8.0
2021-09-13,-22.0,2.0,39.0,-38.0,-42.0,10.0,23.15,2860.0,4.0
2021-09-14,-30.0,-7.0,-8.0,-38.0,-44.0,11.0,23.15,2641.0,12.0
2021-09-15,-24.0,1.0,27.0,-37.0,-41.0,9.0,23.15,2479.0,11.0
2021-09-16,-23.0,0.0,42.0,-37.0,-42.0,9.0,23.15,2393.0,10.0
2021-09-17,-26.0,0.0,22.0,-35.0,-41.0,8.0,23.15,2415.0,8.0
2021-09-18,-25.0,-5.0,23.0,-25.0,-12.0,0.0,23.15,2165.0,11.0
2021-09-19,-23.0,-10.0,8.0,-28.0,-10.0,2.0,23.15,2378.0,9.0
2021-09-20,-22.0,0.0,30.0,-39.0,-43.0,10.0,23.15,3177.0,8.0
2021-09-21,-23.0,-1.0,36.0,-37.0,-42.0,9.0,23.15,2969.0,8.0
2021-09-22,-22.0,-1.0,39.0,-36.0,-39.0,9.0,23.15,2867.0,11.0
2021-09-23,-22.0,1.0,29.0,-36.0,-39.0,9.0,23.15,2793.0,14.0
2021-09-24,-23.0,4.0,33.0,-32.0,-38.0,8.0,23.15,2435.0,13.0
2021-09-25,-24.0,-4.0,11.0,-18.0,-11.0,1.0,23.15,2333.0,10.0
2021-09-26,-20.0,-6.0,34.0,-19.0,-9.0,1.0,23.15,2552.0,6.0
2021-09-27,-25.0,1.0,18.0,-36.0,-42.0,11.0,23.15,3515.0,17.0
2021-09-28,-28.0,-4.0,-3.0,-35.0,-42.0,11.0,23.15,2841.0,13.0
2021-09-29,-25.0,-1.0,11.0,-36.0,-40.0,10.0,23.15,2826.0,13.0
2021-09-30,-23.0,-2.0,0.0,-35.0,-40.0,10.0,23.15,2650.0,13.0
2021-10-01,-26.0,0.0,-2.0,-34.0,-39.0,10.0,23.15,2231.0,16.0
2021-10-02,-30.0,-13.0,-38.0,-28.0,-14.0,4.0,23.15,2201.0,12.0
2021-10-03,-16.0,-4.0,26.0,-19.0,-10.0,2.0,23.15,2572.0,6.0
2021-10-04,-23.0,-1.0,10.0,-38.0,-41.0,10.0,23.15,3363.0,9.0
2021-10-05,-26.0,-3.0,-5.0,-37.0,-41.0,10.0,23.15,3124.0,11.0
2021-10-06,-23.0,-1.0,18.0,-37.0,-39.0,9.0,23.15,2863.0,10.0
2021-10-07,-24.0,-2.0,7.0,-36.0,-38.0,9.0,23.15,2972.0,6.0
2021-10-08,-24.0,-1.0,3.0,-35.0,-38.0,9.0,23.15,2700.0,11.0
2021-10-09,-21.0,-4.0,9.0,-24.0,-11.0,1.0,23.15,2487.0,11.0
2021-10-10,-19.0,-8.0,14.0,-24.0,-10.0,2.0,23.15,2781.0,8.0
2021-10-11,-21.0,0.0,26.0,-38.0,-40.0,10.0,23.15,3887.0,8.0
2021-10-12,-23.0,-2.0,6.0,-36.0,-39.0,10.0,23.15,3423.0,4.0
2021-10-13,-23.0,-3.0,13.0,-37.0,-38.0,9.0,23.15,3570.0,6.0
2021-10-14,-22.0,-2.0,14.0,-36.0,-37.0,9.0,23.15,3469.0,12.0
2021-10-15,-24.0,-2.0,3.0,-35.0,-37.0,9.0,23.15,3321.0,5.0
2021-10-16,-23.0,-8.0,-11.0,-27.0,-12.0,2.0,23.15,2806.0,7.0
2021-10-17,-18.0,-9.0,11.0,-25.0,-10.0,2.0,23.15,3360.0,13.0
2021-10-18,-21.0,-4.0,9.0,-38.0,-41.0,10.0,23.15,4568.0,10.0
2021-10-19,-25.0,-5.0,3.0,-37.0,-40.0,10.0,23.15,4456.0,9.0
2021-10-20,-23.0,-5.0,3.0,-37.0,-39.0,10.0,23.15,4359.0,6.0
2021-10-21,-20.0,-3.0,11.0,-37.0,-38.0,9.0,23.15,3969.0,9.0
2021-10-22,-22.0,-3.0,-2.0,-35.0,-39.0,9.0,23.15,3523.0,12.0
2021-10-23,-21.0,-7.0,-9.0,-24.0,-12.0,2.0,23.15,2893.0,7.0
2021-10-24,-16.0,-9.0,18.0,-23.0,-11.0,1.0,23.15,2837.0,10.0
2021-10-25,-16.0,-2.0,30.0,-39.0,-48.0,11.0,23.15,4025.0,12.0
2021-10-26,-17.0,-4.0,12.0,-37.0,-47.0,11.0,23.15,3513.0,11.0
2021-10-27,-17.0,-4.0,22.0,-37.0,-45.0,11.0,23.15,3754.0,19.0
2021-10-28,-16.0,-2.0,18.0,-37.0,-45.0,10.0,23.15,3616.0,11.0
2021-10-29,-21.0,-3.0,-10.0,-35.0,-46.0,11.0,23.15,3450.0,11.0
2021-10-30,-21.0,-5.0,-13.0,-22.0,-13.0,1.0,23.15,2908.0,10.0
2021-10-31,-22.0,-8.0,-14.0,-27.0,-12.0,2.0,23.15,3000.0,12.0
2021-11-01,-20.0,-1.0,12.0,-37.0,-40.0,10.0,23.15,3916.0,11.0
2021-11-02,-22.0,-2.0,5.0,-36.0,-38.0,10.0,23.15,3455.0,15.0
2021-11-03,-23.0,-3.0,-5.0,-36.0,-37.0,10.0,23.15,3288.0,10.0
2021-11-04,-21.0,-2.0,-6.0,-35.0,-37.0,10.0,23.15,3076.0,12.0
2021-11-05,-23.0,-1.0,3.0,-34.0,-37.0,10.0,23.15,2782.0,14.0
2021-11-06,-20.0,-6.0,-6.0,-22.0,-13.0,2.0,23.15,2537.0,15.0
2021-11-07,-15.0,-7.0,14.0,-22.0,-11.0,1.0,23.15,2813.0,9.0
2021-11-08,-21.0,-2.0,8.0,-37.0,-38.0,10.0,23.15,3991.0,16.0
2021-11-09,-23.0,-3.0,3.0,-35.0,-37.0,10.0,23.15,4009.0,11.0
2021-11-10,-24.0,-5.0,-9.0,-35.0,-36.0,10.0,23.15,4132.0,15.0
2021-11-11,-20.0,-2.0,6.0,-35.0,-35.0,9.0,23.15,3923.0,13.0
2021-11-12,-23.0,-3.0,-12.0,-33.0,-36.0,10.0,23.15,3685.0,8.0
2021-11-13,-19.0,-5.0,-10.0,-22.0,-12.0,2.0,23.15,3235.0,13.0
2021-11-14,-18.0,-8.0,2.0,-23.0,-12.0,2.0,23.15,3262.0,10.0
2021-11-15,-21.0,-1.0,8.0,-37.0,-38.0,10.0,23.15,5148.0,11.0
2021-11-16,-22.0,-3.0,1.0,-35.0,-36.0,10.0,23.15,4455.0,8.0
2021-11-17,-21.0,-3.0,5.0,-35.0,-35.0,9.0,23.15,4501.0,5.0
2021-11-18,-20.0,-1.0,3.0,-34.0,-34.0,9.0,23.15,4500.0,6.0
2021-11-19,-21.0,-1.0,-1.0,-32.0,-36.0,9.0,23.15,3944.0,8.0
2021-11-20,-18.0,-6.0,-8.0,-20.0,-12.0,2.0,23.15,3702.0,9.0
2021-11-21,-15.0,-8.0,2.0,-21.0,-12.0,2.0,23.15,3831.0,8.0
2021-11-22,-20.0,-1.0,11.0,-36.0,-38.0,10.0,23.15,5407.0,8.0
2021-11-23,-21.0,-3.0,2.0,-35.0,-36.0,10.0,23.15,5289.0,11.0
2021-11-24,-22.0,-4.0,-3.0,-35.0,-35.0,10.0,23.15,5400.0,17.0
2021-11-25,-18.0,-1.0,3.0,-33.0,-35.0,9.0,23.15,5186.0,11.0
2021-11-26,-21.0,-2.0,-10.0,-32.0,-38.0,10.0,23.15,4609.0,9.0
2021-11-27,-21.0,-9.0,-30.0,-25.0,-13.0,4.0,23.15,4335.0,7.0
2021-11-28,-14.0,-7.0,-2.0,-23.0,-11.0,2.0,23.15,4383.0,12.0
2021-11-29,-19.0,-1.0,0.0,-37.0,-38.0,11.0,23.15,6857.0,8.0
2021-11-30,-21.0,-1.0,-4.0,-36.0,-36.0,10.0,23.15,6833.0,15.0
2021-12-01,-21.0,-3.0,-2.0,-35.0,-36.0,10.0,23.15,7050.0,11.0
2021-12-02,-19.0,-2.0,-3.0,-35.0,-35.0,10.0,23.15,6521.0,8.0
2021-12-03,-22.0,-2.0,-9.0,-33.0,-36.0,10.0,23.15,6093.0,13.0
2021-12-04,-18.0,-5.0,-9.0,-20.0,-11.0,3.0,23.15,5333.0,12.0
2021-12-05,-18.0,-10.0,-19.0,-24.0,-11.0,3.0,23.15,5520.0,13.0
2021-12-06,-21.0,-4.0,-7.0,-38.0,-38.0,11.0,23.15,8554.0,15.0
2021-12-07,-26.0,-8.0,-21.0,-37.0,-37.0,11.0,23.15,9085.0,13.0
2021-12-08,-20.0,-3.0,-6.0,-36.0,-35.0,10.0,23.15,10027.0,13.0
2021-12-09,-18.0,-1.0,2.0,-35.0,-34.0,10.0,23.15,10328.0,11.0
2021-12-10,-22.0,-2.0,-9.0,-34.0,-35.0,10.0,23.15,10214.0,16.0
2021-12-11,-22.0,-7.0,-22.0,-22.0,-9.0,3.0,23.15,9888.0,11.0
2021-12-12,-18.0,-7.0,-2.0,-23.0,-8.0,2.0,23.15,12258.0,20.0
2021-12-13,-20.0,1.0,4.0,-41.0,-41.0,12.0,26.85,22845.0,14.0
2021-12-14,-25.0,0.0,-4.0,-42.0,-42.0,13.0,26.85,29567.0,18.0
2021-12-15,-22.0,1.0,-2.0,-42.0,-42.0,13.0,38.89,31008.0,11.0
2021-12-16,-24.0,1.0,-2.0,-44.0,-43.0,13.0,38.89,30050.0,11.0
2021-12-17,-27.0,-1.0,-13.0,-42.0,-43.0,13.0,38.89,27162.0,16.0
2021-12-18,-30.0,-8.0,-23.0,-33.0,-13.0,5.0,38.89,24960.0,16.0
2021-12-19,-25.0,-12.0,-15.0,-33.0,-9.0,4.0,38.89,22608.0,17.0
2021-12-20,-18.0,1.0,2.0,-48.0,-55.0,15.0,38.89,32670.0,11.0
2021-12-21,-23.0,0.0,-9.0,-51.0,-56.0,16.0,38.89,33940.0,15.0
2021-12-22,-24.0,4.0,-13.0,-52.0,-57.0,16.0,38.89,32163.0,25.0
2021-12-23,-23.0,15.0,-13.0,-53.0,-60.0,16.0,38.89,31069.0,27.0
2021-12-24,-41.0,7.0,-30.0,-58.0,-67.0,19.0,38.89,24101.0,22.0
2021-12-25,-87.0,-82.0,-60.0,-87.0,-71.0,15.0,38.89,11171.0,16.0
2021-12-26,-52.0,-51.0,-29.0,-59.0,-38.0,5.0,38.89,18747.0,21.0
2021-12-27,-33.0,-27.0,-17.0,-63.0,-80.0,20.0,38.89,28062.0,27.0
2021-12-28,-35.0,-24.0,-15.0,-63.0,-78.0,22.0,38.89,28193.0,25.0
2021-12-29,-32.0,-12.0,-16.0,-59.0,-68.0,20.0,38.89,36920.0,26.0
2021-12-30,-30.0,-6.0,-6.0,-58.0,-68.0,20.0,38.89,29444.0,38.0
2021-12-31,-37.0,-1.0,-2.0,-56.0,-67.0,19.0,38.89,22197.0,17.0
2022-01-01,-61.0,-51.0,-19.0,-54.0,-48.0,11.0,38.89,13620.0,40.0
2022-01-02,-36.0,-24.0,-21.0,-44.0,-18.0,6.0,38.89,21912.0,41.0
2022-01-03,-30.0,-17.0,11.0,-62.0,-76.0,23.0,38.89,26951.0,30.0
2022-01-04,-41.0,-13.0,-36.0,-56.0,-52.0,19.0,35.19,32096.0,29.0
2022-01-05,-38.0,-10.0,-16.0,-53.0,-47.0,17.0,35.19,25233.0,29.0
2022-01-06,-41.0,-12.0,-26.0,-53.0,-46.0,18.0,35.19,22194.0,45.0
2022-01-07,-40.0,-11.0,-27.0,-51.0,-42.0,16.0,35.19,15177.0,35.0
2022-01-08,-41.0,-20.0,-52.0,-45.0,-15.0,9.0,35.19,12173.0,38.0
2022-01-09,-28.0,-13.0,6.0,-38.0,-9.0,5.0,35.19,12132.0,39.0
2022-01-10,-34.0,-8.0,-10.0,-48.0,-43.0,15.0,35.19,16625.0,48.0
2022-01-11,-38.0,-12.0,-24.0,-49.0,-43.0,15.0,35.19,14418.0,45.0
2022-01-12,-33.0,-9.0,0.0,-47.0,-41.0,14.0,35.19,12936.0,30.0
2022-01-13,-34.0,-8.0,-5.0,-48.0,-41.0,14.0,35.19,11819.0,43.0
2022-01-14,-34.0,-8.0,-12.0,-45.0,-39.0,13.0,35.19,10512.0,37.0
2022-01-15,-32.0,-12.0,-25.0,-36.0,-12.0,5.0,35.19,9534.0,47.0
2022-01-16,-28.0,-14.0,3.0,-36.0,-9.0,4.0,35.19,11246.0,30.0
2022-01-17,-31.0,-8.0,9.0,-46.0,-41.0,13.0,35.19,15122.0,36.0
2022-01-18,-34.0,-11.0,-10.0,-46.0,-42.0,13.0,35.19,13877.0,41.0
2022-01-19,-33.0,-10.0,-11.0,-46.0,-40.0,13.0,35.19,13019.0,34.0
2022-01-20,-31.0,-9.0,-10.0,-45.0,-39.0,13.0,35.19,12020.0,31.0
2022-01-21,-33.0,-9.0,-19.0,-43.0,-38.0,13.0,35.19,10714.0,42.0
2022-01-22,-29.0,-11.0,-20.0,-34.0,-11.0,5.0,35.19,9641.0,34.0
2022-01-23,-26.0,-15.0,-9.0,-34.0,-10.0,4.0,35.19,11343.0,22.0
2022-01-24,-31.0,-9.0,-4.0,-45.0,-40.0,13.0,35.19,14410.0,30.0
2022-01-25,-33.0,-11.0,-16.0,-44.0,-40.0,13.0,35.19,13247.0,21.0
2022-01-26,-31.0,-9.0,-5.0,-44.0,-39.0,13.0,35.19,13079.0,29.0
2022-01-27,-30.0,-8.0,-3.0,-43.0,-38.0,12.0,16.67,11574.0,27.0
2022-01-28,-29.0,-7.0,-9.0,-40.0,-36.0,11.0,16.67,9906.0,19.0
2022-01-29,-24.0,-9.0,-8.0,-28.0,-10.0,3.0,16.67,8727.0,26.0
2022-01-30,-22.0,-12.0,15.0,-29.0,-9.0,2.0,16.67,9836.0,24.0
2022-01-31,-27.0,-7.0,2.0,-42.0,-39.0,11.0,16.67,11948.0,17.0
2022-02-01,-28.0,-6.0,4.0,-39.0,-38.0,11.0,16.67,11073.0,19.0
2022-02-02,-28.0,-7.0,2.0,-39.0,-37.0,11.0,16.67,10705.0,23.0
2022-02-03,-27.0,-6.0,-3.0,-39.0,-36.0,11.0,16.67,9220.0,22.0
2022-02-04,-30.0,-8.0,-17.0,-38.0,-36.0,11.0,16.67,7542.0,22.0
2022-02-05,-24.0,-9.0,-12.0,-27.0,-11.0,3.0,16.67,6451.0,17.0
2022-02-06,-25.0,-14.0,-12.0,-31.0,-10.0,3.0,16.67,7070.0,12.0
2022-02-07,-26.0,-6.0,11.0,-40.0,-38.0,11.0,16.67,9027.0,19.0
2022-02-08,-27.0,-7.0,5.0,-38.0,-38.0,10.0,16.67,8387.0,15.0
2022-02-09,-26.0,-7.0,4.0,-37.0,-37.0,10.0,16.67,7794.0,11.0
2022-02-10,-26.0,-6.0,-2.0,-37.0,-37.0,10.0,16.67,6450.0,13.0
2022-02-11,-26.0,-5.0,-1.0,-36.0,-36.0,10.0,13.89,5297.0,13.0
2022-02-12,-24.0,-9.0,-9.0,-26.0,-11.0,2.0,13.89,4345.0,11.0
2022-02-13,-25.0,-16.0,-27.0,-28.0,-11.0,3.0,13.89,4388.0,13.0
2022-02-14,-14.0,-1.0,9.0,-39.0,-47.0,11.0,13.89,6058.0,22.0
2022-02-15,-29.0,-15.0,-22.0,-40.0,-47.0,12.0,13.89,5783.0,13.0
2022-02-16,-24.0,-9.0,-4.0,-39.0,-46.0,11.0,13.89,6052.0,13.0
2022-02-17,-21.0,-5.0,11.0,-37.0,-45.0,10.0,13.89,5291.0,12.0
2022-02-18,-45.0,-23.0,-46.0,-52.0,-50.0,19.0,13.89,3410.0,7.0
2022-02-19,-29.0,-12.0,-33.0,-30.0,-13.0,4.0,13.89,4423.0,8.0
2022-02-20,-29.0,-16.0,-29.0,-33.0,-11.0,3.0,13.89,4620.0,14.0
2022-02-21,-26.0,-6.0,-3.0,-41.0,-40.0,11.0,13.89,5421.0,13.0
2022-02-22,-25.0,-6.0,-2.0,-35.0,-38.0,9.0,13.89,4649.0,9.0
2022-02-23,-25.0,-6.0,2.0,-35.0,-36.0,9.0,13.89,4160.0,6.0
2022-02-24,-25.0,-8.0,-12.0,-35.0,-36.0,10.0,13.89,3464.0,12.0
2022-02-25,-24.0,-3.0,2.0,-33.0,-35.0,9.0,13.89,3066.0,17.0
2022-02-26,-19.0,-7.0,1.0,-21.0,-9.0,1.0,13.89,2662.0,6.0
2022-02-27,-16.0,-9.0,28.0,-20.0,-7.0,0.0,13.89,3201.0,12.0
2022-02-28,-24.0,-4.0,3.0,-36.0,-37.0,9.0,13.89,4871.0,8.0
2022-03-01,-33.0,-8.0,-18.0,-41.0,-42.0,11.0,13.89,4820.0,8.0
2022-03-02,-29.0,-8.0,-21.0,-35.0,-37.0,10.0,13.89,5185.0,13.0
2022-03-03,-30.0,-5.0,-1.0,-43.0,-40.0,11.0,13.89,4926.0,9.0
2022-03-04,-29.0,-7.0,-22.0,-35.0,-35.0,9.0,13.89,4606.0,13.0
2022-03-05,-26.0,-10.0,-33.0,-27.0,-11.0,3.0,13.89,4221.0,8.0
2022-03-06,-22.0,-11.0,-6.0,-26.0,-8.0,1.0,13.89,5014.0,14.0
2022-03-07,-26.0,-7.0,-1.0,-38.0,-37.0,9.0,13.89,6997.0,8.0
2022-03-08,-28.0,-6.0,-4.0,-36.0,-36.0,8.0,13.89,7217.0,10.0
2022-03-09,-29.0,-9.0,-8.0,-37.0,-35.0,9.0,13.89,7689.0,8.0
2022-03-10,-28.0,-8.0,1.0,-36.0,-34.0,8.0,13.89,7325.0,11.0
2022-03-11,-33.0,-11.0,-29.0,-37.0,-35.0,10.0,13.89,6816.0,11.0
2022-03-12,-25.0,-9.0,-19.0,-25.0,-11.0,1.0,13.89,6278.0,12.0
2022-03-13,-25.0,-14.0,-19.0,-24.0,-10.0,2.0,13.89,7205.0,9.0
2022-03-14,-28.0,-7.0,0.0,-37.0,-36.0,9.0,13.89,9889.0,11.0
2022-03-15,-30.0,-9.0,-1.0,-35.0,-35.0,8.0,13.89,9358.0,8.0
2022-03-16,-34.0,-15.0,-29.0,-36.0,-35.0,10.0,13.89,9275.0,13.0
2022-03-17,-24.0,-5.0,12.0,-34.0,-34.0,8.0,13.89,8602.0,17.0
2022-03-18,-29.0,-6.0,2.0,-35.0,-35.0,9.0,11.11,7734.0,8.0
2022-03-19,-26.0,-9.0,-5.0,-25.0,-11.0,1.0,11.11,6600.0,12.0
2022-03-20,-23.0,-11.0,5.0,-23.0,-10.0,0.0,11.11,7629.0,11.0
2022-03-21,-27.0,-6.0,14.0,-38.0,-36.0,9.0,11.11,10843.0,11.0
2022-03-22,-27.0,-8.0,15.0,-36.0,-35.0,8.0,11.11,10022.0,20.0
2022-03-23,-26.0,-7.0,18.0,-35.0,-34.0,8.0,11.11,9676.0,11.0
2022-03-24,-24.0,-5.0,18.0,-35.0,-34.0,8.0,11.11,8531.0,15.0
2022-03-25,-26.0,-4.0,8.0,-33.0,-35.0,8.0,11.11,7565.0,17.0
2022-03-26,-22.0,-4.0,11.0,-20.0,-11.0,-1.0,11.11,6328.0,12.0
2022-03-27,-23.0,-11.0,-7.0,-23.0,-10.0,-1.0,11.11,6887.0,8.0
2022-03-28,-27.0,-7.0,9.0,-37.0,-37.0,9.0,11.11,9471.0,10.0
2022-03-29,-29.0,-10.0,-15.0,-36.0,-36.0,9.0,11.11,8381.0,17.0
2022-03-30,-30.0,-9.0,-14.0,-37.0,-35.0,9.0,11.11,7909.0,17.0
2022-03-31,-29.0,-9.0,-24.0,-37.0,-34.0,8.0,11.11,5756.0,19.0
2022-04-01,-31.0,-8.0,-25.0,-38.0,-35.0,9.0,11.11,5093.0,16.0
2022-04-02,-30.0,-10.0,-29.0,-29.0,-12.0,2.0,11.11,3773.0,18.0
2022-04-03,-24.0,-12.0,-4.0,-24.0,-10.0,1.0,11.11,3907.0,18.0
2022-04-04,-31.0,-11.0,-18.0,-40.0,-44.0,11.0,11.11,5259.0,10.0
2022-04-05,-30.0,-11.0,-9.0,-39.0,-43.0,10.0,11.11,4635.0,20.0
2022-04-06,-32.0,-15.0,-25.0,-39.0,-42.0,10.0,11.11,4201.0,25.0
2022-04-07,-28.0,-10.0,-11.0,-38.0,-42.0,10.0,11.11,3531.0,17.0
2022-04-08,-31.0,-8.0,-15.0,-37.0,-43.0,10.0,11.11,3221.0,15.0
2022-04-09,-28.0,-9.0,-16.0,-24.0,-11.0,1.0,11.11,2691.0,13.0
2022-04-10,-24.0,-10.0,5.0,-23.0,-9.0,0.0,11.11,2857.0,15.0
2022-04-11,-22.0,-5.0,20.0,-37.0,-45.0,9.0,11.11,3289.0,22.0
2022-04-12,-25.0,-7.0,3.0,-36.0,-43.0,9.0,11.11,3067.0,16.0
2022-04-13,-25.0,-7.0,10.0,-37.0,-43.0,9.0,11.11,2757.0,20.0
2022-04-14,-19.0,1.0,21.0,-35.0,-46.0,7.0,11.11,2410.0,21.0
2022-04-15,-30.0,-9.0,34.0,-47.0,-70.0,14.0,11.11,1871.0,17.0
2022-04-16,-33.0,-9.0,3.0,-29.0,-20.0,1.0,11.11,1760.0,17.0
2022-04-17,-39.0,-39.0,24.0,-26.0,-21.0,-2.0,11.11,1733.0,14.0
2022-04-18,-24.0,-13.0,49.0,-52.0,-76.0,15.0,11.11,2445.0,26.0
2022-04-19,-32.0,-6.0,-6.0,-38.0,-39.0,9.0,11.11,2455.0,14.0
2022-04-20,-29.0,-5.0,15.0,-35.0,-35.0,8.0,11.11,1991.0,14.0
2022-04-21,-27.0,-4.0,17.0,-34.0,-34.0,7.0,11.11,1737.0,12.0
2022-04-22,-31.0,-5.0,-14.0,-35.0,-35.0,9.0,11.11,1525.0,4.0
2022-04-23,-27.0,-7.0,-16.0,-23.0,-10.0,1.0,11.11,1219.0,14.0
2022-04-24,-26.0,-10.0,13.0,-22.0,-8.0,0.0,11.11,1383.0,11.0
2022-04-25,-26.0,-5.0,-3.0,-34.0,-36.0,9.0,11.11,1633.0,11.0
2022-04-26,-26.0,-5.0,1.0,-31.0,-33.0,7.0,11.11,1333.0,8.0
2022-04-27,-28.0,-7.0,-12.0,-32.0,-32.0,7.0,11.11,1346.0,9.0
2022-04-28,-24.0,-4.0,2.0,-31.0,-31.0,6.0,11.11,1163.0,11.0
2022-04-29,-27.0,-3.0,-16.0,-33.0,-34.0,7.0,11.11,1051.0,6.0
2022-04-30,-24.0,-5.0,2.0,-20.0,-9.0,-1.0,11.11,895.0,11.0
2022-05-01,-17.0,-9.0,-7.0,-19.0,-8.0,-1.0,11.11,936.0,15.0
2022-05-02,-17.0,-14.0,65.0,-48.0,-75.0,14.0,11.11,1366.0,7.0
2022-05-03,-29.0,-4.0,-6.0,-33.0,-35.0,7.0,11.11,1443.0,15.0
2022-05-04,-28.0,-7.0,-10.0,-32.0,-31.0,7.0,11.11,1362.0,4.0
2022-05-05,-21.0,-1.0,19.0,-30.0,-31.0,6.0,11.11,1230.0,9.0
2022-05-06,-25.0,-3.0,10.0,-32.0,-32.0,6.0,11.11,1025.0,5.0
2022-05-07,-24.0,-7.0,-9.0,-22.0,-8.0,0.0,11.11,832.0,5.0
2022-05-08,-18.0,-6.0,41.0,-18.0,-5.0,-1.0,11.11,1081.0,6.0
2022-05-09,-23.0,-2.0,22.0,-33.0,-34.0,7.0,11.11,1261.0,3.0
2022-05-10,-26.0,-5.0,-1.0,-31.0,-32.0,6.0,11.11,1212.0,13.0
2022-05-11,-28.0,-9.0,-20.0,-31.0,-31.0,7.0,11.11,1005.0,5.0
2022-05-12,-21.0,-3.0,6.0,-29.0,-30.0,6.0,11.11,937.0,6.0
2022-05-13,-26.0,-2.0,8.0,-32.0,-32.0,6.0,11.11,803.0,9.0
2022-05-14,-24.0,-4.0,19.0,-19.0,-8.0,-2.0,11.11,752.0,6.0
2022-05-15,-25.0,-12.0,-20.0,-20.0,-8.0,1.0,11.11,961.0,2.0
2022-05-16,-23.0,-2.0,15.0,-33.0,-34.0,7.0,11.11,1175.0,4.0
2022-05-17,-22.0,-3.0,29.0,-29.0,-31.0,6.0,11.11,1059.0,7.0
2022-05-18,-23.0,-3.0,22.0,-30.0,-30.0,6.0,11.11,969.0,5.0
2022-05-19,-21.0,-2.0,18.0,-29.0,-30.0,6.0,11.11,881.0,4.0
2022-05-20,-29.0,-6.0,-14.0,-32.0,-33.0,7.0,11.11,719.0,6.0
2022-05-21,-23.0,-5.0,7.0,-19.0,-8.0,-1.0,11.11,644.0,7.0
2022-05-22,-17.0,-6.0,42.0,-14.0,-6.0,-2.0,11.11,733.0,5.0
2022-05-23,-25.0,-4.0,3.0,-33.0,-34.0,8.0,11.11,996.0,7.0
2022-05-24,-25.0,-6.0,-11.0,-29.0,-32.0,7.0,11.11,843.0,2.0
2022-05-25,-24.0,-5.0,-4.0,-29.0,-31.0,6.0,11.11,806.0,4.0
2022-05-26,-21.0,-2.0,8.0,-28.0,-30.0,6.0,11.11,764.0,5.0
2022-05-27,-22.0,-1.0,25.0,-29.0,-33.0,5.0,11.11,743.0,10.0
2022-05-28,-22.0,-6.0,1.0,-17.0,-9.0,-2.0,11.11,688.0,4.0
2022-05-29,-18.0,-9.0,11.0,-14.0,-7.0,-1.0,11.11,757.0,3.0
2022-05-30,-20.0,-7.0,-1.0,-34.0,-44.0,9.0,11.11,942.0,7.0
2022-05-31,-22.0,-7.0,-14.0,-32.0,-42.0,8.0,11.11,970.0,4.0
2022-06-01,-12.0,1.0,13.0,-30.0,-43.0,5.0,11.11,894.0,2.0
2022-06-02,-15.0,-5.0,76.0,-39.0,-72.0,11.0,11.11,780.0,4.0
2022-06-03,-30.0,-13.0,31.0,-43.0,-71.0,13.0,11.11,867.0,2.0
2022-06-04,-34.0,-14.0,-10.0,-27.0,-18.0,0.0,11.11,969.0,7.0
2022-06-05,-32.0,-17.0,-11.0,-22.0,-10.0,0.0,11.11,1319.0,2.0
2022-06-06,-28.0,-3.0,0.0,-37.0,-42.0,9.0,11.11,1619.0,6.0
2022-06-07,-27.0,-4.0,7.0,-30.0,-34.0,6.0,11.11,1679.0,4.0
2022-06-08,-25.0,-3.0,9.0,-30.0,-32.0,6.0,11.11,1676.0,6.0
2022-06-09,-24.0,-3.0,3.0,-28.0,-31.0,6.0,11.11,1649.0,6.0
2022-06-10,-26.0,-1.0,13.0,-30.0,-33.0,6.0,11.11,1466.0,6.0
2022-06-11,-26.0,-5.0,9.0,-19.0,-8.0,-1.0,11.11,1366.0,3.0
2022-06-12,-20.0,-6.0,31.0,-15.0,-6.0,-1.0,11.11,1784.0,3.0
2022-06-13,-21.0,0.0,29.0,-29.0,-34.0,7.0,11.11,2026.0,3.0
2022-06-14,-22.0,-1.0,29.0,-27.0,-32.0,5.0,11.11,2049.0,7.0
2022-06-15,-22.0,0.0,31.0,-27.0,-31.0,5.0,11.11,1986.0,4.0
2022-06-16,-20.0,2.0,32.0,-26.0,-32.0,5.0,11.11,1800.0,7.0
2022-06-17,-26.0,1.0,32.0,-29.0,-34.0,6.0,11.11,1737.0,5.0
2022-06-18,-26.0,-7.0,-11.0,-17.0,-10.0,0.0,11.11,1811.0,5.0
2022-06-19,-17.0,-7.0,6.0,-15.0,-6.0,-1.0,11.11,2102.0,7.0
2022-06-20,-19.0,1.0,38.0,-29.0,-34.0,6.0,11.11,2490.0,6.0
2022-06-21,-28.0,-1.0,27.0,-50.0,-43.0,10.0,11.11,2609.0,7.0
2022-06-22,-26.0,-2.0,31.0,-36.0,-36.0,7.0,11.11,2607.0,8.0
2022-06-23,-30.0,-3.0,7.0,-46.0,-38.0,9.0,,2511.0,7.0
2022-06-24,-23.0,-2.0,19.0,-31.0,-35.0,7.0,,2167.0,4.0
2022-06-25,-24.0,-5.0,7.0,-27.0,-9.0,0.0,,2049.0,8.0
2022-06-26,-18.0,-6.0,36.0,-15.0,-6.0,-1.0,,2468.0,4.0
2022-06-27,-21.0,-2.0,13.0,-29.0,-35.0,7.0,,3110.0,6.0
2022-06-28,-21.0,-2.0,16.0,-26.0,-33.0,6.0,,3095.0,3.0
2022-06-29,-21.0,-4.0,8.0,-26.0,-32.0,6.0,,3210.0,9.0
2022-06-30,-18.0,-1.0,9.0,-25.0,-32.0,6.0,,3138.0,6.0
2022-07-01,-22.0,-1.0,13.0,-25.0,-35.0,6.0,,2988.0,3.0
2022-07-02,-23.0,-6.0,15.0,-12.0,-9.0,-1.0,,2723.0,6.0
